q1,q2,q3,U_kin,U_pot,time
0.010000,0.005000,-0.005000,0.000000,0.006241,0.000000
0.009998,0.004998,-0.004997,0.000005,0.006236,0.000100
0.009994,0.004992,-0.004988,0.000019,0.006222,0.000200
0.009986,0.004982,-0.004973,0.000043,0.006198,0.000300
0.009976,0.004968,-0.004952,0.000076,0.006165,0.000400
0.009962,0.004950,-0.004925,0.000118,0.006123,0.000500
0.009946,0.004928,-0.004892,0.000169,0.006072,0.000600
0.009926,0.004903,-0.004853,0.000229,0.006012,0.000700
0.009904,0.004873,-0.004808,0.000298,0.005943,0.000800
0.009878,0.004840,-0.004758,0.000375,0.005867,0.000900
0.009849,0.004803,-0.004701,0.000459,0.005782,0.001000
0.009817,0.004763,-0.004639,0.000552,0.005689,0.001100
0.009783,0.004719,-0.004572,0.000651,0.005590,0.001200
0.009745,0.004671,-0.004498,0.000758,0.005483,0.001300
0.009704,0.004621,-0.004419,0.000870,0.005371,0.001400
0.009660,0.004567,-0.004335,0.000989,0.005252,0.001500
0.009613,0.004510,-0.004245,0.001113,0.005128,0.001600
0.009563,0.004450,-0.004150,0.001242,0.004999,0.001700
0.009510,0.004388,-0.004050,0.001376,0.004865,0.001800
0.009454,0.004323,-0.003945,0.001513,0.004727,0.001900
0.009394,0.004255,-0.003835,0.001654,0.004586,0.002000
0.009332,0.004185,-0.003720,0.001798,0.004443,0.002100
0.009266,0.004113,-0.003600,0.001945,0.004296,0.002200
0.009198,0.004038,-0.003476,0.002093,0.004148,0.002300
0.009126,0.003962,-0.003347,0.002242,0.003998,0.002400
0.009051,0.003884,-0.003213,0.002393,0.003848,0.002500
0.008973,0.003804,-0.003076,0.002543,0.003697,0.002600
0.008892,0.003724,-0.002934,0.002694,0.003547,0.002700
0.008808,0.003641,-0.002788,0.002844,0.003397,0.002800
0.008721,0.003558,-0.002638,0.002993,0.003248,0.002900
0.008630,0.003474,-0.002485,0.003140,0.003100,0.003000
0.008537,0.003390,-0.002328,0.003286,0.002955,0.003100
0.008440,0.003305,-0.002167,0.003429,0.002812,0.003200
0.008340,0.003219,-0.002004,0.003569,0.002671,0.003300
0.008238,0.003134,-0.001837,0.003706,0.002534,0.003400
0.008132,0.003049,-0.001667,0.003840,0.002400,0.003500
0.008023,0.002964,-0.001494,0.003970,0.002270,0.003600
0.007911,0.002879,-0.001319,0.004096,0.002144,0.003700
0.007796,0.002795,-0.001141,0.004218,0.002022,0.003800
0.007678,0.002712,-0.000960,0.004336,0.001905,0.003900
0.007557,0.002631,-0.000778,0.004449,0.001792,0.004000
0.007433,0.002550,-0.000593,0.004557,0.001684,0.004100
0.007306,0.002470,-0.000407,0.004660,0.001581,0.004200
0.007176,0.002393,-0.000219,0.004757,0.001483,0.004300
0.007043,0.002317,-0.000029,0.004850,0.001390,0.004400
0.006908,0.002243,0.000162,0.004938,0.001303,0.004500
0.006769,0.002171,0.000355,0.005020,0.001221,0.004600
0.006628,0.002101,0.000548,0.005096,0.001144,0.004700
0.006484,0.002033,0.000743,0.005168,0.001072,0.004800
0.006338,0.001968,0.000938,0.005234,0.001006,0.004900
0.006189,0.001906,0.001134,0.005295,0.000945,0.005000
0.006037,0.001847,0.001330,0.005350,0.000890,0.005100
0.005883,0.001790,0.001527,0.005401,0.000840,0.005200
0.005726,0.001737,0.001724,0.005446,0.000794,0.005300
0.005567,0.001687,0.001920,0.005486,0.000754,0.005400
0.005405,0.001640,0.002117,0.005521,0.000719,0.005500
0.005242,0.001597,0.002313,0.005551,0.000689,0.005600
0.005076,0.001557,0.002509,0.005577,0.000664,0.005700
0.004908,0.001520,0.002705,0.005597,0.000643,0.005800
0.004738,0.001487,0.002899,0.005613,0.000627,0.005900
0.004565,0.001458,0.003093,0.005625,0.000615,0.006000
0.004392,0.001433,0.003286,0.005632,0.000608,0.006100
0.004216,0.001412,0.003478,0.005635,0.000606,0.006200
0.004038,0.001395,0.003668,0.005633,0.000607,0.006300
0.003859,0.001381,0.003857,0.005628,0.000613,0.006400
0.003679,0.001372,0.004045,0.005618,0.000623,0.006500
0.003497,0.001366,0.004231,0.005604,0.000637,0.006600
0.003314,0.001365,0.004415,0.005586,0.000654,0.006700
0.003130,0.001367,0.004598,0.005564,0.000676,0.006800
0.002944,0.001374,0.004778,0.005539,0.000702,0.006900
0.002758,0.001384,0.004957,0.005509,0.000731,0.007000
0.002571,0.001399,0.005133,0.005476,0.000765,0.007100
0.002383,0.001417,0.005307,0.005438,0.000802,0.007200
0.002194,0.001439,0.005479,0.005397,0.000843,0.007300
0.002006,0.001466,0.005648,0.005353,0.000888,0.007400
0.001816,0.001496,0.005815,0.005304,0.000937,0.007500
0.001627,0.001529,0.005979,0.005251,0.000989,0.007600
0.001437,0.001567,0.006140,0.005195,0.001045,0.007700
0.001248,0.001607,0.006299,0.005135,0.001105,0.007800
0.001059,0.001652,0.006455,0.005071,0.001169,0.007900
0.000870,0.001700,0.006608,0.005003,0.001237,0.008000
0.000682,0.001751,0.006758,0.004931,0.001309,0.008100
0.000494,0.001805,0.006905,0.004856,0.001384,0.008200
0.000307,0.001862,0.007049,0.004776,0.001464,0.008300
0.000121,0.001922,0.007190,0.004693,0.001547,0.008400
-0.000064,0.001985,0.007327,0.004606,0.001635,0.008500
-0.000247,0.002051,0.007462,0.004515,0.001726,0.008600
-0.000430,0.002119,0.007593,0.004420,0.001820,0.008700
-0.000610,0.002189,0.007721,0.004321,0.001919,0.008800
-0.000789,0.002262,0.007845,0.004219,0.002021,0.008900
-0.000967,0.002336,0.007966,0.004113,0.002127,0.009000
-0.001142,0.002413,0.008084,0.004004,0.002237,0.009100
-0.001315,0.002491,0.008199,0.003891,0.002350,0.009200
-0.001486,0.002571,0.008310,0.003774,0.002466,0.009300
-0.001654,0.002652,0.008417,0.003655,0.002585,0.009400
-0.001820,0.002734,0.008521,0.003533,0.002708,0.009500
-0.001983,0.002817,0.008622,0.003408,0.002833,0.009600
-0.002143,0.002901,0.008719,0.003280,0.002960,0.009700
-0.002300,0.002986,0.008812,0.003151,0.003090,0.009800
-0.002454,0.003071,0.008902,0.003019,0.003222,0.009900
-0.002604,0.003156,0.008989,0.002885,0.003355,0.010000
-0.002751,0.003242,0.009072,0.002750,0.003490,0.010100
-0.002895,0.003327,0.009151,0.002614,0.003627,0.010200
-0.003035,0.003412,0.009227,0.002477,0.003763,0.010300
-0.003171,0.003496,0.009300,0.002340,0.003901,0.010400
-0.003302,0.003580,0.009368,0.002203,0.004038,0.010500
-0.003430,0.003663,0.009434,0.002066,0.004175,0.010600
-0.003554,0.003745,0.009496,0.001930,0.004311,0.010700
-0.003673,0.003825,0.009555,0.001795,0.004446,0.010800
-0.003787,0.003904,0.009610,0.001662,0.004579,0.010900
-0.003897,0.003982,0.009661,0.001531,0.004710,0.011000
-0.004002,0.004058,0.009710,0.001402,0.004838,0.011100
-0.004102,0.004131,0.009754,0.001277,0.004964,0.011200
-0.004198,0.004203,0.009796,0.001155,0.005085,0.011300
-0.004288,0.004273,0.009834,0.001038,0.005203,0.011400
-0.004373,0.004340,0.009869,0.000924,0.005317,0.011500
-0.004453,0.004404,0.009900,0.000816,0.005425,0.011600
-0.004527,0.004466,0.009928,0.000713,0.005528,0.011700
-0.004597,0.004525,0.009953,0.000616,0.005625,0.011800
-0.004660,0.004581,0.009975,0.000525,0.005716,0.011900
-0.004718,0.004634,0.009993,0.000440,0.005801,0.012000
-0.004771,0.004684,0.010008,0.000363,0.005878,0.012100
-0.004817,0.004730,0.010020,0.000293,0.005948,0.012200
-0.004858,0.004773,0.010028,0.000230,0.006011,0.012300
-0.004893,0.004813,0.010034,0.000176,0.006065,0.012400
-0.004923,0.004849,0.010036,0.000130,0.006111,0.012500
-0.004946,0.004881,0.010035,0.000093,0.006149,0.012600
-0.004964,0.004910,0.010032,0.000064,0.006177,0.012700
-0.004975,0.004934,0.010025,0.000044,0.006197,0.012800
-0.004981,0.004955,0.010015,0.000034,0.006207,0.012900
-0.004981,0.004972,0.010002,0.000032,0.006209,0.013000
-0.004974,0.004985,0.009985,0.000040,0.006201,0.013100
-0.004962,0.004994,0.009966,0.000058,0.006183,0.013200
-0.004943,0.004999,0.009944,0.000085,0.006157,0.013300
-0.004919,0.005000,0.009919,0.000121,0.006121,0.013400
-0.004889,0.004997,0.009891,0.000166,0.006075,0.013500
-0.004853,0.004990,0.009860,0.000220,0.006021,0.013600
-0.004810,0.004979,0.009826,0.000283,0.005958,0.013700
-0.004762,0.004964,0.009789,0.000355,0.005886,0.013800
-0.004708,0.004945,0.009750,0.000436,0.005805,0.013900
-0.004648,0.004922,0.009707,0.000525,0.005716,0.014000
-0.004583,0.004895,0.009661,0.000621,0.005620,0.014100
-0.004512,0.004865,0.009613,0.000726,0.005516,0.014200
-0.004435,0.004831,0.009562,0.000837,0.005404,0.014300
-0.004352,0.004793,0.009508,0.000955,0.005286,0.014400
-0.004264,0.004752,0.009451,0.001080,0.005161,0.014500
-0.004171,0.004707,0.009391,0.001210,0.005031,0.014600
-0.004072,0.004659,0.009328,0.001346,0.004895,0.014700
-0.003968,0.004607,0.009263,0.001487,0.004754,0.014800
-0.003859,0.004553,0.009195,0.001632,0.004609,0.014900
-0.003745,0.004495,0.009124,0.001781,0.004460,0.015000
-0.003626,0.004435,0.009050,0.001933,0.004307,0.015100
-0.003501,0.004371,0.008973,0.002089,0.004152,0.015200
-0.003373,0.004305,0.008894,0.002246,0.003995,0.015300
-0.003239,0.004237,0.008812,0.002405,0.003836,0.015400
-0.003101,0.004166,0.008727,0.002565,0.003676,0.015500
-0.002959,0.004093,0.008640,0.002725,0.003515,0.015600
-0.002812,0.004019,0.008549,0.002886,0.003355,0.015700
-0.002662,0.003942,0.008456,0.003046,0.003195,0.015800
-0.002507,0.003864,0.008360,0.003204,0.003036,0.015900
-0.002349,0.003784,0.008262,0.003362,0.002879,0.016000
-0.002186,0.003702,0.008161,0.003517,0.002724,0.016100
-0.002021,0.003620,0.008057,0.003669,0.002571,0.016200
-0.001852,0.003537,0.007950,0.003818,0.002422,0.016300
-0.001679,0.003453,0.007841,0.003964,0.002276,0.016400
-0.001504,0.003368,0.007729,0.004106,0.002135,0.016500
-0.001325,0.003283,0.007615,0.004243,0.001997,0.016600
-0.001144,0.003197,0.007497,0.004376,0.001864,0.016700
-0.000960,0.003112,0.007378,0.004504,0.001737,0.016800
-0.000774,0.003027,0.007256,0.004626,0.001614,0.016900
-0.000586,0.002942,0.007131,0.004743,0.001497,0.017000
-0.000395,0.002858,0.007003,0.004854,0.001386,0.017100
-0.000202,0.002774,0.006874,0.004959,0.001282,0.017200
-0.000008,0.002691,0.006741,0.005057,0.001183,0.017300
0.000188,0.002610,0.006607,0.005150,0.001090,0.017400
0.000385,0.002529,0.006469,0.005236,0.001005,0.017500
0.000584,0.002450,0.006330,0.005315,0.000925,0.017600
0.000784,0.002373,0.006188,0.005387,0.000853,0.017700
0.000985,0.002297,0.006044,0.005453,0.000787,0.017800
0.001187,0.002224,0.005898,0.005513,0.000728,0.017900
0.001389,0.002152,0.005749,0.005565,0.000675,0.018000
0.001592,0.002083,0.005598,0.005611,0.000629,0.018100
0.001795,0.002016,0.005445,0.005651,0.000590,0.018200
0.001998,0.001952,0.005290,0.005684,0.000557,0.018300
0.002201,0.001891,0.005133,0.005710,0.000530,0.018400
0.002404,0.001832,0.004974,0.005731,0.000509,0.018500
0.002606,0.001776,0.004814,0.005745,0.000495,0.018600
0.002809,0.001724,0.004651,0.005754,0.000487,0.018700
0.003010,0.001674,0.004487,0.005756,0.000484,0.018800
0.003211,0.001628,0.004320,0.005753,0.000487,0.018900
0.003410,0.001586,0.004153,0.005745,0.000495,0.019000
0.003609,0.001547,0.003983,0.005732,0.000509,0.019100
0.003806,0.001511,0.003813,0.005713,0.000527,0.019200
0.004002,0.001480,0.003641,0.005689,0.000551,0.019300
0.004197,0.001452,0.003467,0.005661,0.000579,0.019400
0.004389,0.001427,0.003293,0.005629,0.000612,0.019500
0.004580,0.001407,0.003117,0.005592,0.000649,0.019600
0.004770,0.001391,0.002940,0.005550,0.000690,0.019700
0.004957,0.001378,0.002762,0.005505,0.000735,0.019800
0.005142,0.001370,0.002584,0.005457,0.000784,0.019900
0.005324,0.001365,0.002404,0.005404,0.000836,0.020000
0.005504,0.001365,0.002225,0.005348,0.000892,0.020100
0.005682,0.001368,0.002044,0.005289,0.000952,0.020200
0.005857,0.001376,0.001863,0.005226,0.001015,0.020300
0.006030,0.001388,0.001682,0.005160,0.001080,0.020400
0.006199,0.001403,0.001501,0.005091,0.001149,0.020500
0.006366,0.001423,0.001319,0.005020,0.001221,0.020600
0.006530,0.001446,0.001138,0.004945,0.001295,0.020700
0.006691,0.001473,0.000957,0.004868,0.001373,0.020800
0.006848,0.001504,0.000776,0.004788,0.001453,0.020900
0.007003,0.001539,0.000596,0.004705,0.001535,0.021000
0.007154,0.001577,0.000416,0.004620,0.001620,0.021100
0.007302,0.001619,0.000237,0.004533,0.001708,0.021200
0.007446,0.001664,0.000059,0.004443,0.001798,0.021300
0.007587,0.001712,-0.000119,0.004350,0.001890,0.021400
0.007724,0.001764,-0.000295,0.004255,0.001985,0.021500
0.007858,0.001819,-0.000470,0.004158,0.002082,0.021600
0.007988,0.001877,-0.000643,0.004059,0.002182,0.021700
0.008114,0.001938,-0.000815,0.003957,0.002283,0.021800
0.008237,0.002002,-0.000986,0.003854,0.002387,0.021900
0.008356,0.002068,-0.001154,0.003748,0.002492,0.022000
0.008471,0.002137,-0.001321,0.003640,0.002600,0.022100
0.008582,0.002208,-0.001486,0.003531,0.002710,0.022200
0.008690,0.002281,-0.001648,0.003419,0.002821,0.022300
0.008793,0.002356,-0.001808,0.003306,0.002935,0.022400
0.008893,0.002433,-0.001966,0.003191,0.003050,0.022500
0.008989,0.002511,-0.002120,0.003075,0.003166,0.022600
0.009081,0.002591,-0.002272,0.002957,0.003284,0.022700
0.009169,0.002673,-0.002422,0.002838,0.003403,0.022800
0.009253,0.002755,-0.002568,0.002718,0.003523,0.022900
0.009333,0.002839,-0.002710,0.002597,0.003643,0.023000
0.009409,0.002923,-0.002850,0.002476,0.003765,0.023100
0.009482,0.003008,-0.002986,0.002354,0.003886,0.023200
0.009550,0.003093,-0.003118,0.002232,0.004008,0.023300
0.009615,0.003178,-0.003247,0.002111,0.004130,0.023400
0.009675,0.003264,-0.003372,0.001990,0.004251,0.023500
0.009732,0.003349,-0.003493,0.001869,0.004372,0.023600
0.009785,0.003434,-0.003609,0.001750,0.004491,0.023700
0.009835,0.003518,-0.003722,0.001632,0.004609,0.023800
0.009880,0.003601,-0.003830,0.001515,0.004726,0.023900
0.009922,0.003684,-0.003934,0.001401,0.004840,0.024000
0.009959,0.003766,-0.004033,0.001289,0.004952,0.024100
0.009993,0.003846,-0.004127,0.001180,0.005061,0.024200
0.010024,0.003924,-0.004216,0.001074,0.005167,0.024300
0.010051,0.004002,-0.004301,0.000972,0.005269,0.024400
0.010074,0.004077,-0.004381,0.000874,0.005367,0.024500
0.010093,0.004150,-0.004455,0.000780,0.005461,0.024600
0.010109,0.004221,-0.004525,0.000691,0.005550,0.024700
0.010121,0.004290,-0.004589,0.000607,0.005634,0.024800
0.010130,0.004357,-0.004647,0.000529,0.005712,0.024900
0.010136,0.004421,-0.004701,0.000456,0.005785,0.025000
0.010138,0.004482,-0.004749,0.000390,0.005851,0.025100
0.010136,0.004540,-0.004791,0.000330,0.005911,0.025200
0.010131,0.004595,-0.004827,0.000278,0.005963,0.025300
0.010123,0.004647,-0.004858,0.000232,0.006009,0.025400
0.010112,0.004696,-0.004884,0.000195,0.006047,0.025500
0.010097,0.004742,-0.004903,0.000165,0.006077,0.025600
0.010079,0.004784,-0.004917,0.000143,0.006098,0.025700
0.010058,0.004823,-0.004925,0.000129,0.006112,0.025800
0.010033,0.004858,-0.004927,0.000124,0.006117,0.025900
0.010006,0.004889,-0.004923,0.000127,0.006114,0.026000
0.009976,0.004916,-0.004913,0.000139,0.006102,0.026100
0.009942,0.004940,-0.004897,0.000160,0.006081,0.026200
0.009905,0.004960,-0.004875,0.000190,0.006051,0.026300
0.009866,0.004976,-0.004848,0.000229,0.006012,0.026400
0.009823,0.004988,-0.004814,0.000277,0.005965,0.026500
0.009778,0.004996,-0.004775,0.000333,0.005908,0.026600
0.009730,0.005000,-0.004729,0.000398,0.005843,0.026700
0.009679,0.004999,-0.004678,0.000472,0.005769,0.026800
0.009625,0.004995,-0.004621,0.000554,0.005687,0.026900
0.009568,0.004987,-0.004558,0.000644,0.005597,0.027000
0.009508,0.004975,-0.004490,0.000742,0.005499,0.027100
0.009446,0.004959,-0.004416,0.000848,0.005393,0.027200
0.009381,0.004939,-0.004336,0.000961,0.005280,0.027300
0.009314,0.004915,-0.004250,0.001081,0.005160,0.027400
0.009243,0.004888,-0.004159,0.001207,0.005034,0.027500
0.009171,0.004856,-0.004063,0.001340,0.004901,0.027600
0.009095,0.004821,-0.003961,0.001478,0.004763,0.027700
0.009017,0.004783,-0.003854,0.001622,0.004619,0.027800
0.008936,0.004740,-0.003741,0.001770,0.004471,0.027900
0.008853,0.004695,-0.003624,0.001922,0.004319,0.028000
0.008768,0.004646,-0.003502,0.002078,0.004163,0.028100
0.008680,0.004593,-0.003374,0.002237,0.004003,0.028200
0.008589,0.004538,-0.003242,0.002399,0.003842,0.028300
0.008496,0.004480,-0.003105,0.002563,0.003678,0.028400
0.008401,0.004418,-0.002964,0.002728,0.003513,0.028500
0.008303,0.004354,-0.002818,0.002894,0.003347,0.028600
0.008202,0.004288,-0.002668,0.003060,0.003181,0.028700
0.008100,0.004219,-0.002514,0.003225,0.003015,0.028800
0.007995,0.004148,-0.002355,0.003390,0.002850,0.028900
0.007888,0.004074,-0.002193,0.003553,0.002687,0.029000
0.007778,0.003999,-0.002027,0.003714,0.002526,0.029100
0.007666,0.003922,-0.001857,0.003873,0.002368,0.029200
0.007552,0.003843,-0.001684,0.004028,0.002212,0.029300
0.007436,0.003763,-0.001507,0.004180,0.002060,0.029400
0.007318,0.003681,-0.001328,0.004327,0.001913,0.029500
0.007197,0.003599,-0.001145,0.004470,0.001770,0.029600
0.007074,0.003515,-0.000959,0.004608,0.001632,0.029700
0.006949,0.003431,-0.000771,0.004741,0.001500,0.029800
0.006822,0.003346,-0.000580,0.004867,0.001373,0.029900
0.006693,0.003261,-0.000387,0.004988,0.001253,0.030000
0.006562,0.003175,-0.000192,0.005102,0.001139,0.030100
0.006428,0.003090,0.000006,0.005209,0.001031,0.030200
0.006293,0.003005,0.000205,0.005309,0.000931,0.030300
0.006156,0.002920,0.000406,0.005402,0.000838,0.030400
0.006016,0.002836,0.000608,0.005487,0.000753,0.030500
0.005875,0.002752,0.000812,0.005565,0.000675,0.030600
0.005732,0.002670,0.001017,0.005636,0.000605,0.030700
0.005587,0.002589,0.001223,0.005698,0.000542,0.030800
0.005441,0.002509,0.001430,0.005753,0.000487,0.030900
0.005292,0.002430,0.001637,0.005800,0.000440,0.031000
0.005142,0.002353,0.001845,0.005839,0.000401,0.031100
0.004990,0.002278,0.002053,0.005870,0.000370,0.031200
0.004837,0.002205,0.002262,0.005894,0.000346,0.031300
0.004681,0.002134,0.002470,0.005911,0.000330,0.031400
0.004525,0.002066,0.002678,0.005919,0.000321,0.031500
0.004367,0.001999,0.002886,0.005921,0.000319,0.031600
0.004207,0.001936,0.003093,0.005916,0.000324,0.031700
0.004046,0.001875,0.003300,0.005904,0.000337,0.031800
0.003884,0.001817,0.003505,0.005885,0.000356,0.031900
0.003721,0.001762,0.003710,0.005859,0.000381,0.032000
0.003556,0.001711,0.003913,0.005828,0.000412,0.032100
0.003390,0.001662,0.004115,0.005791,0.000450,0.032200
0.003224,0.001617,0.004316,0.005748,0.000493,0.032300
0.003056,0.001575,0.004515,0.005699,0.000541,0.032400
0.002887,0.001537,0.004712,0.005646,0.000594,0.032500
0.002718,0.001503,0.004908,0.005588,0.000653,0.032600
0.002548,0.001472,0.005101,0.005525,0.000715,0.032700
0.002377,0.001445,0.005292,0.005458,0.000782,0.032800
0.002205,0.001422,0.005481,0.005387,0.000853,0.032900
0.002033,0.001402,0.005667,0.005312,0.000928,0.033000
0.001861,0.001387,0.005851,0.005234,0.001006,0.033100
0.001689,0.001376,0.006032,0.005153,0.001088,0.033200
0.001516,0.001368,0.006210,0.005069,0.001172,0.033300
0.001343,0.001365,0.006386,0.004982,0.001259,0.033400
0.001170,0.001365,0.006558,0.004892,0.001348,0.033500
0.000998,0.001370,0.006727,0.004800,0.001440,0.033600
0.000825,0.001379,0.006893,0.004707,0.001534,0.033700
0.000653,0.001391,0.007056,0.004611,0.001629,0.033800
0.000481,0.001408,0.007215,0.004514,0.001727,0.033900
0.000310,0.001428,0.007371,0.004415,0.001826,0.034000
0.000140,0.001452,0.007523,0.004314,0.001926,0.034100
-0.000030,0.001481,0.007672,0.004213,0.002028,0.034200
-0.000199,0.001513,0.007817,0.004110,0.002130,0.034300
-0.000366,0.001548,0.007958,0.004006,0.002234,0.034400
-0.000533,0.001587,0.008095,0.003902,0.002339,0.034500
-0.000698,0.001630,0.008228,0.003796,0.002444,0.034600
-0.000862,0.001676,0.008357,0.003690,0.002550,0.034700
-0.001024,0.001726,0.008482,0.003583,0.002657,0.034800
-0.001185,0.001778,0.008604,0.003476,0.002764,0.034900
-0.001344,0.001834,0.008721,0.003368,0.002872,0.035000
-0.001501,0.001893,0.008834,0.003260,0.002980,0.035100
-0.001656,0.001954,0.008942,0.003152,0.003089,0.035200
-0.001809,0.002019,0.009047,0.003043,0.003198,0.035300
-0.001959,0.002085,0.009147,0.002934,0.003307,0.035400
-0.002107,0.002155,0.009243,0.002825,0.003416,0.035500
-0.002253,0.002226,0.009335,0.002716,0.003525,0.035600
-0.002395,0.002300,0.009422,0.002607,0.003634,0.035700
-0.002535,0.002376,0.009506,0.002498,0.003742,0.035800
-0.002672,0.002453,0.009584,0.002390,0.003851,0.035900
-0.002806,0.002532,0.009659,0.002282,0.003959,0.036000
-0.002937,0.002612,0.009729,0.002174,0.004067,0.036100
-0.003064,0.002694,0.009795,0.002067,0.004173,0.036200
-0.003188,0.002777,0.009857,0.001961,0.004280,0.036300
-0.003308,0.002860,0.009915,0.001856,0.004385,0.036400
-0.003425,0.002945,0.009968,0.001752,0.004489,0.036500
-0.003538,0.003030,0.010017,0.001650,0.004591,0.036600
-0.003646,0.003115,0.010062,0.001549,0.004692,0.036700
-0.003751,0.003200,0.010102,0.001449,0.004791,0.036800
-0.003852,0.003286,0.010139,0.001352,0.004888,0.036900
-0.003948,0.003371,0.010171,0.001257,0.004983,0.037000
-0.004040,0.003455,0.010199,0.001165,0.005076,0.037100
-0.004127,0.003540,0.010223,0.001076,0.005165,0.037200
-0.004210,0.003623,0.010244,0.000989,0.005252,0.037300
-0.004288,0.003705,0.010260,0.000906,0.005335,0.037400
-0.004361,0.003786,0.010272,0.000827,0.005414,0.037500
-0.004429,0.003866,0.010280,0.000751,0.005490,0.037600
-0.004492,0.003945,0.010285,0.000680,0.005561,0.037700
-0.004550,0.004021,0.010285,0.000613,0.005628,0.037800
-0.004603,0.004096,0.010282,0.000551,0.005689,0.037900
-0.004651,0.004169,0.010275,0.000495,0.005746,0.038000
-0.004694,0.004239,0.010265,0.000444,0.005797,0.038100
-0.004731,0.004308,0.010251,0.000399,0.005842,0.038200
-0.004762,0.004373,0.010233,0.000360,0.005881,0.038300
-0.004789,0.004437,0.010211,0.000327,0.005914,0.038400
-0.004809,0.004497,0.010187,0.000301,0.005940,0.038500
-0.004824,0.004555,0.010158,0.000281,0.005960,0.038600
-0.004833,0.004609,0.010127,0.000269,0.005972,0.038700
-0.004837,0.004660,0.010092,0.000264,0.005977,0.038800
-0.004835,0.004708,0.010054,0.000267,0.005974,0.038900
-0.004827,0.004753,0.010012,0.000277,0.005964,0.039000
-0.004814,0.004794,0.009968,0.000296,0.005945,0.039100
-0.004794,0.004832,0.009920,0.000322,0.005919,0.039200
-0.004769,0.004866,0.009870,0.000356,0.005885,0.039300
-0.004738,0.004896,0.009816,0.000398,0.005843,0.039400
-0.004701,0.004923,0.009759,0.000449,0.005792,0.039500
-0.004659,0.004946,0.009699,0.000507,0.005734,0.039600
-0.004610,0.004964,0.009637,0.000574,0.005667,0.039700
-0.004556,0.004979,0.009572,0.000648,0.005593,0.039800
-0.004496,0.004990,0.009504,0.000731,0.005510,0.039900
-0.004431,0.004997,0.009433,0.000821,0.005420,0.040000
-0.004359,0.005000,0.009359,0.000919,0.005322,0.040100
-0.004282,0.004999,0.009283,0.001024,0.005217,0.040200
-0.004200,0.004994,0.009205,0.001136,0.005105,0.040300
-0.004112,0.004985,0.009123,0.001254,0.004987,0.040400
-0.004018,0.004971,0.009040,0.001379,0.004862,0.040500
-0.003919,0.004954,0.008954,0.001511,0.004730,0.040600
-0.003815,0.004933,0.008865,0.001648,0.004593,0.040700
-0.003706,0.004909,0.008774,0.001790,0.004451,0.040800
-0.003591,0.004880,0.008681,0.001937,0.004304,0.040900
-0.003471,0.004848,0.008585,0.002088,0.004153,0.041000
-0.003346,0.004812,0.008488,0.002243,0.003997,0.041100
-0.003216,0.004772,0.008388,0.002402,0.003839,0.041200
-0.003082,0.004729,0.008285,0.002563,0.003678,0.041300
-0.002943,0.004682,0.008181,0.002727,0.003514,0.041400
-0.002799,0.004632,0.008075,0.002892,0.003349,0.041500
-0.002650,0.004579,0.007966,0.003058,0.003182,0.041600
-0.002498,0.004523,0.007856,0.003225,0.003016,0.041700
-0.002341,0.004464,0.007743,0.003392,0.002849,0.041800
-0.002180,0.004402,0.007629,0.003558,0.002683,0.041900
-0.002015,0.004338,0.007512,0.003723,0.002518,0.042000
-0.001846,0.004270,0.007394,0.003886,0.002355,0.042100
-0.001673,0.004201,0.007273,0.004046,0.002194,0.042200
-0.001497,0.004129,0.007151,0.004204,0.002037,0.042300
-0.001318,0.004055,0.007027,0.004358,0.001883,0.042400
-0.001135,0.003979,0.006902,0.004508,0.001733,0.042500
-0.000950,0.003902,0.006774,0.004653,0.001587,0.042600
-0.000761,0.003822,0.006645,0.004794,0.001447,0.042700
-0.000570,0.003742,0.006514,0.004928,0.001312,0.042800
-0.000376,0.003660,0.006382,0.005057,0.001183,0.042900
-0.000179,0.003577,0.006247,0.005180,0.001060,0.043000
0.000020,0.003493,0.006112,0.005295,0.000945,0.043100
0.000220,0.003409,0.005974,0.005404,0.000836,0.043200
0.000423,0.003324,0.005835,0.005505,0.000735,0.043300
0.000628,0.003239,0.005695,0.005599,0.000642,0.043400
0.000834,0.003153,0.005553,0.005684,0.000556,0.043500
0.001041,0.003068,0.005409,0.005761,0.000479,0.043600
0.001250,0.002983,0.005265,0.005830,0.000410,0.043700
0.001459,0.002898,0.005118,0.005891,0.000349,0.043800
0.001670,0.002814,0.004971,0.005942,0.000298,0.043900
0.001881,0.002731,0.004822,0.005986,0.000254,0.044000
0.002093,0.002649,0.004672,0.006020,0.000220,0.044100
0.002305,0.002568,0.004521,0.006046,0.000194,0.044200
0.002517,0.002488,0.004368,0.006064,0.000177,0.044300
0.002730,0.002410,0.004215,0.006072,0.000168,0.044400
0.002942,0.002334,0.004060,0.006073,0.000167,0.044500
0.003153,0.002259,0.003904,0.006065,0.000175,0.044600
0.003364,0.002187,0.003748,0.006049,0.000191,0.044700
0.003575,0.002116,0.003590,0.006025,0.000215,0.044800
0.003784,0.002048,0.003432,0.005994,0.000246,0.044900
0.003993,0.001983,0.003272,0.005955,0.000285,0.045000
0.004200,0.001920,0.003112,0.005910,0.000331,0.045100
0.004406,0.001860,0.002951,0.005857,0.000383,0.045200
0.004611,0.001803,0.002790,0.005798,0.000442,0.045300
0.004813,0.001749,0.002628,0.005733,0.000507,0.045400
0.005014,0.001698,0.002465,0.005662,0.000578,0.045500
0.005213,0.001650,0.002302,0.005585,0.000655,0.045600
0.005410,0.001606,0.002138,0.005504,0.000737,0.045700
0.005604,0.001565,0.001974,0.005417,0.000823,0.045800
0.005796,0.001528,0.001810,0.005327,0.000914,0.045900
0.005986,0.001494,0.001646,0.005232,0.001008,0.046000
0.006172,0.001465,0.001482,0.005134,0.001107,0.046100
0.006356,0.001439,0.001317,0.005032,0.001208,0.046200
0.006537,0.001416,0.001153,0.004928,0.001313,0.046300
0.006715,0.001398,0.000989,0.004821,0.001420,0.046400
0.006889,0.001384,0.000825,0.004711,0.001529,0.046500
0.007061,0.001373,0.000662,0.004600,0.001640,0.046600
0.007229,0.001367,0.000499,0.004487,0.001753,0.046700
0.007393,0.001365,0.000336,0.004373,0.001867,0.046800
0.007554,0.001366,0.000174,0.004258,0.001983,0.046900
0.007711,0.001372,0.000013,0.004142,0.002098,0.047000
0.007864,0.001381,-0.000148,0.004026,0.002215,0.047100
0.008013,0.001395,-0.000307,0.003909,0.002332,0.047200
0.008159,0.001413,-0.000465,0.003792,0.002448,0.047300
0.008300,0.001434,-0.000623,0.003676,0.002565,0.047400
0.008437,0.001459,-0.000779,0.003560,0.002681,0.047500
0.008570,0.001489,-0.000934,0.003444,0.002797,0.047600
0.008698,0.001521,-0.001087,0.003329,0.002912,0.047700
0.008823,0.001558,-0.001239,0.003215,0.003026,0.047800
0.008943,0.001598,-0.001389,0.003102,0.003139,0.047900
0.009058,0.001642,-0.001537,0.002990,0.003251,0.048000
0.009169,0.001689,-0.001683,0.002879,0.003362,0.048100
0.009276,0.001739,-0.001828,0.002769,0.003471,0.048200
0.009378,0.001792,-0.001970,0.002661,0.003580,0.048300
0.009475,0.001849,-0.002110,0.002554,0.003686,0.048400
0.009568,0.001908,-0.002247,0.002449,0.003792,0.048500
0.009656,0.001971,-0.002382,0.002345,0.003895,0.048600
0.009740,0.002036,-0.002514,0.002243,0.003997,0.048700
0.009819,0.002103,-0.002644,0.002143,0.004098,0.048800
0.009893,0.002173,-0.002771,0.002045,0.004196,0.048900
0.009963,0.002245,-0.002895,0.001948,0.004293,0.049000
0.010028,0.002319,-0.003015,0.001853,0.004388,0.049100
0.010088,0.002395,-0.003133,0.001760,0.004481,0.049200
0.010144,0.002473,-0.003247,0.001669,0.004572,0.049300
0.010195,0.002553,-0.003358,0.001580,0.004660,0.049400
0.010242,0.002633,-0.003465,0.001494,0.004747,0.049500
0.010283,0.002715,-0.003568,0.001410,0.004831,0.049600
0.010321,0.002798,-0.003668,0.001328,0.004913,0.049700
0.010354,0.002882,-0.003764,0.001248,0.004993,0.049800
0.010382,0.002967,-0.003856,0.001171,0.005069,0.049900
0.010406,0.003052,-0.003943,0.001097,0.005143,0.050000
0.010425,0.003137,-0.004027,0.001026,0.005215,0.050100
0.010440,0.003222,-0.004106,0.000958,0.005283,0.050200
0.010451,0.003308,-0.004181,0.000893,0.005348,0.050300
0.010458,0.003393,-0.004251,0.000832,0.005409,0.050400
0.010460,0.003477,-0.004317,0.000774,0.005467,0.050500
0.010458,0.003561,-0.004377,0.000719,0.005521,0.050600
0.010451,0.003644,-0.004434,0.000669,0.005572,0.050700
0.010441,0.003726,-0.004485,0.000623,0.005618,0.050800
0.010427,0.003807,-0.004531,0.000581,0.005659,0.050900
0.010408,0.003887,-0.004573,0.000544,0.005697,0.051000
0.010386,0.003965,-0.004609,0.000512,0.005729,0.051100
0.010360,0.004041,-0.004640,0.000485,0.005756,0.051200
0.010330,0.004115,-0.004666,0.000463,0.005778,0.051300
0.010296,0.004187,-0.004686,0.000446,0.005795,0.051400
0.010259,0.004257,-0.004702,0.000435,0.005806,0.051500
0.010218,0.004325,-0.004711,0.000430,0.005811,0.051600
0.010174,0.004390,-0.004716,0.000431,0.005810,0.051700
0.010126,0.004453,-0.004715,0.000438,0.005803,0.051800
0.010074,0.004512,-0.004708,0.000452,0.005789,0.051900
0.010019,0.004569,-0.004696,0.000472,0.005769,0.052000
0.009961,0.004623,-0.004678,0.000499,0.005742,0.052100
0.009900,0.004673,-0.004655,0.000533,0.005708,0.052200
0.009836,0.004720,-0.004626,0.000573,0.005668,0.052300
0.009768,0.004764,-0.004591,0.000621,0.005620,0.052400
0.009698,0.004804,-0.004551,0.000676,0.005565,0.052500
0.009624,0.004841,-0.004505,0.000737,0.005504,0.052600
0.009548,0.004874,-0.004453,0.000806,0.005435,0.052700
0.009469,0.004904,-0.004396,0.000882,0.005359,0.052800
0.009387,0.004929,-0.004334,0.000965,0.005276,0.052900
0.009302,0.004951,-0.004265,0.001055,0.005186,0.053000
0.009215,0.004969,-0.004191,0.001151,0.005090,0.053100
0.009125,0.004982,-0.004112,0.001254,0.004987,0.053200
0.009033,0.004992,-0.004027,0.001364,0.004877,0.053300
0.008938,0.004998,-0.003937,0.001480,0.004761,0.053400
0.008841,0.005000,-0.003841,0.001601,0.004640,0.053500
0.008742,0.004998,-0.003740,0.001729,0.004512,0.053600
0.008640,0.004992,-0.003634,0.001861,0.004380,0.053700
0.008536,0.004982,-0.003523,0.001999,0.004242,0.053800
0.008430,0.004967,-0.003406,0.002141,0.004100,0.053900
0.008322,0.004949,-0.003284,0.002288,0.003953,0.054000
0.008212,0.004927,-0.003158,0.002438,0.003803,0.054100
0.008100,0.004902,-0.003026,0.002592,0.003649,0.054200
0.007986,0.004872,-0.002890,0.002748,0.003493,0.054300
0.007870,0.004839,-0.002749,0.002907,0.003334,0.054400
0.007753,0.004802,-0.002604,0.003068,0.003173,0.054500
0.007633,0.004761,-0.002454,0.003230,0.003011,0.054600
0.007512,0.004717,-0.002300,0.003392,0.002848,0.054700
0.007389,0.004670,-0.002141,0.003555,0.002685,0.054800
0.007265,0.004619,-0.001979,0.003718,0.002523,0.054900
0.007138,0.004565,-0.001812,0.003879,0.002361,0.055000
0.007011,0.004508,-0.001642,0.004039,0.002201,0.055100
0.006882,0.004448,-0.001467,0.004197,0.002043,0.055200
0.006751,0.004386,-0.001290,0.004353,0.001888,0.055300
0.006619,0.004320,-0.001109,0.004505,0.001735,0.055400
0.006485,0.004253,-0.000924,0.004653,0.001587,0.055500
0.006351,0.004182,-0.000737,0.004797,0.001443,0.055600
0.006215,0.004110,-0.000546,0.004937,0.001304,0.055700
0.006077,0.004036,-0.000353,0.005070,0.001170,0.055800
0.005939,0.003959,-0.000157,0.005198,0.001042,0.055900
0.005799,0.003881,0.000041,0.005320,0.000920,0.056000
0.005658,0.003802,0.000242,0.005435,0.000805,0.056100
0.005516,0.003721,0.000445,0.005543,0.000697,0.056200
0.005373,0.003639,0.000649,0.005644,0.000596,0.056300
0.005229,0.003555,0.000856,0.005736,0.000504,0.056400
0.005083,0.003471,0.001064,0.005821,0.000419,0.056500
0.004937,0.003387,0.001274,0.005897,0.000343,0.056600
0.004790,0.003302,0.001485,0.005965,0.000275,0.056700
0.004642,0.003217,0.001697,0.006023,0.000217,0.056800
0.004493,0.003131,0.001910,0.006073,0.000167,0.056900
0.004344,0.003046,0.002123,0.006113,0.000127,0.057000
0.004193,0.002961,0.002338,0.006145,0.000095,0.057100
0.004042,0.002876,0.002552,0.006167,0.000073,0.057200
0.003890,0.002793,0.002767,0.006180,0.000060,0.057300
0.003737,0.002710,0.002982,0.006184,0.000056,0.057400
0.003584,0.002628,0.003197,0.006178,0.000062,0.057500
0.003430,0.002547,0.003411,0.006164,0.000076,0.057600
0.003276,0.002468,0.003625,0.006141,0.000099,0.057700
0.003121,0.002390,0.003838,0.006109,0.000131,0.057800
0.002966,0.002314,0.004050,0.006068,0.000172,0.057900
0.002811,0.002240,0.004261,0.006020,0.000220,0.058000
0.002655,0.002168,0.004471,0.005963,0.000277,0.058100
0.002498,0.002098,0.004680,0.005899,0.000341,0.058200
0.002342,0.002031,0.004887,0.005828,0.000412,0.058300
0.002185,0.001966,0.005092,0.005750,0.000490,0.058400
0.002028,0.001904,0.005296,0.005665,0.000575,0.058500
0.001872,0.001845,0.005497,0.005574,0.000666,0.058600
0.001715,0.001789,0.005696,0.005478,0.000763,0.058700
0.001558,0.001735,0.005893,0.005376,0.000865,0.058800
0.001401,0.001685,0.006087,0.005269,0.000972,0.058900
0.001245,0.001638,0.006279,0.005157,0.001083,0.059000
0.001088,0.001595,0.006468,0.005042,0.001198,0.059100
0.000932,0.001555,0.006654,0.004923,0.001317,0.059200
0.000777,0.001519,0.006837,0.004801,0.001439,0.059300
0.000621,0.001486,0.007016,0.004676,0.001564,0.059400
0.000467,0.001458,0.007193,0.004549,0.001691,0.059500
0.000313,0.001432,0.007366,0.004420,0.001820,0.059600
0.000159,0.001411,0.007535,0.004290,0.001951,0.059700
0.000006,0.001394,0.007701,0.004159,0.002082,0.059800
-0.000145,0.001381,0.007862,0.004027,0.002214,0.059900
-0.000296,0.001371,0.008020,0.003894,0.002346,0.060000
-0.000446,0.001366,0.008174,0.003762,0.002478,0.060100
-0.000595,0.001365,0.008324,0.003631,0.002610,0.060200
-0.000743,0.001367,0.008470,0.003500,0.002741,0.060300
-0.000889,0.001374,0.008611,0.003370,0.002871,0.060400
-0.001034,0.001385,0.008748,0.003241,0.002999,0.060500
-0.001178,0.001399,0.008881,0.003115,0.003126,0.060600
-0.001320,0.001418,0.009009,0.002990,0.003251,0.060700
-0.001460,0.001440,0.009132,0.002867,0.003374,0.060800
-0.001598,0.001467,0.009251,0.002746,0.003495,0.060900
-0.001735,0.001497,0.009365,0.002628,0.003613,0.061000
-0.001870,0.001530,0.009475,0.002512,0.003728,0.061100
-0.002003,0.001568,0.009579,0.002400,0.003841,0.061200
-0.002133,0.001609,0.009679,0.002290,0.003951,0.061300
-0.002262,0.001653,0.009774,0.002183,0.004058,0.061400
-0.002388,0.001701,0.009864,0.002079,0.004162,0.061500
-0.002511,0.001752,0.009949,0.001978,0.004262,0.061600
-0.002632,0.001807,0.010029,0.001881,0.004360,0.061700
-0.002750,0.001864,0.010105,0.001787,0.004454,0.061800
-0.002866,0.001924,0.010175,0.001696,0.004545,0.061900
-0.002979,0.001987,0.010240,0.001609,0.004632,0.062000
-0.003088,0.002053,0.010301,0.001525,0.004716,0.062100
-0.003195,0.002121,0.010356,0.001444,0.004797,0.062200
-0.003298,0.002191,0.010407,0.001367,0.004874,0.062300
-0.003398,0.002264,0.010452,0.001293,0.004948,0.062400
-0.003495,0.002339,0.010493,0.001222,0.005019,0.062500
-0.003588,0.002415,0.010528,0.001155,0.005086,0.062600
-0.003677,0.002494,0.010559,0.001092,0.005149,0.062700
-0.003763,0.002573,0.010585,0.001031,0.005209,0.062800
-0.003845,0.002654,0.010606,0.000975,0.005266,0.062900
-0.003923,0.002737,0.010622,0.000922,0.005319,0.063000
-0.003997,0.002820,0.010634,0.000872,0.005369,0.063100
-0.004067,0.002904,0.010641,0.000826,0.005415,0.063200
-0.004133,0.002989,0.010643,0.000784,0.005457,0.063300
-0.004194,0.003074,0.010640,0.000745,0.005496,0.063400
-0.004251,0.003159,0.010633,0.000710,0.005531,0.063500
-0.004304,0.003244,0.010622,0.000679,0.005562,0.063600
-0.004352,0.003330,0.010606,0.000651,0.005590,0.063700
-0.004395,0.003415,0.010585,0.000628,0.005613,0.063800
-0.004434,0.003499,0.010561,0.000609,0.005632,0.063900
-0.004468,0.003583,0.010532,0.000594,0.005647,0.064000
-0.004497,0.003666,0.010499,0.000583,0.005658,0.064100
-0.004521,0.003747,0.010462,0.000576,0.005665,0.064200
-0.004541,0.003828,0.010420,0.000574,0.005667,0.064300
-0.004555,0.003907,0.010375,0.000577,0.005664,0.064400
-0.004564,0.003984,0.010326,0.000584,0.005656,0.064500
-0.004568,0.004060,0.010273,0.000597,0.005644,0.064600
-0.004566,0.004134,0.010217,0.000614,0.005627,0.064700
-0.004560,0.004206,0.010156,0.000637,0.005604,0.064800
-0.004548,0.004275,0.010092,0.000664,0.005577,0.064900
-0.004531,0.004342,0.010025,0.000698,0.005543,0.065000
-0.004508,0.004407,0.009954,0.000736,0.005505,0.065100
-0.004481,0.004468,0.009880,0.000780,0.005461,0.065200
-0.004447,0.004527,0.009802,0.000830,0.005411,0.065300
-0.004409,0.004583,0.009722,0.000885,0.005355,0.065400
-0.004365,0.004636,0.009638,0.000947,0.005294,0.065500
-0.004315,0.004686,0.009551,0.001014,0.005227,0.065600
-0.004260,0.004732,0.009462,0.001087,0.005154,0.065700
-0.004200,0.004775,0.009369,0.001165,0.005076,0.065800
-0.004134,0.004814,0.009274,0.001250,0.004991,0.065900
-0.004063,0.004850,0.009176,0.001340,0.004901,0.066000
-0.003987,0.004882,0.009075,0.001436,0.004805,0.066100
-0.003905,0.004911,0.008972,0.001537,0.004704,0.066200
-0.003818,0.004935,0.008867,0.001644,0.004597,0.066300
-0.003726,0.004956,0.008759,0.001756,0.004485,0.066400
-0.003628,0.004973,0.008649,0.001873,0.004368,0.066500
-0.003525,0.004985,0.008536,0.001995,0.004246,0.066600
-0.003417,0.004994,0.008422,0.002122,0.004119,0.066700
-0.003304,0.004999,0.008305,0.002253,0.003988,0.066800
-0.003186,0.005000,0.008187,0.002388,0.003853,0.066900
-0.003063,0.004997,0.008066,0.002527,0.003714,0.067000
-0.002936,0.004989,0.007944,0.002669,0.003572,0.067100
-0.002803,0.004978,0.007819,0.002814,0.003426,0.067200
-0.002666,0.004963,0.007694,0.002962,0.003278,0.067300
-0.002524,0.004944,0.007566,0.003113,0.003128,0.067400
-0.002378,0.004921,0.007437,0.003265,0.002976,0.067500
-0.002227,0.004894,0.007306,0.003418,0.002823,0.067600
-0.002072,0.004864,0.007174,0.003572,0.002669,0.067700
-0.001913,0.004829,0.007041,0.003727,0.002514,0.067800
-0.001750,0.004792,0.006906,0.003881,0.002360,0.067900
-0.001583,0.004750,0.006770,0.004034,0.002206,0.068000
-0.001412,0.004705,0.006633,0.004187,0.002054,0.068100
-0.001237,0.004657,0.006494,0.004337,0.001903,0.068200
-0.001059,0.004605,0.006355,0.004486,0.001755,0.068300
-0.000877,0.004551,0.006214,0.004631,0.001609,0.068400
-0.000692,0.004493,0.006073,0.004773,0.001467,0.068500
-0.000504,0.004432,0.005930,0.004912,0.001329,0.068600
-0.000313,0.004369,0.005787,0.005045,0.001195,0.068700
-0.000119,0.004303,0.005642,0.005174,0.001066,0.068800
0.000077,0.004235,0.005497,0.005298,0.000943,0.068900
0.000276,0.004164,0.005352,0.005415,0.000825,0.069000
0.000478,0.004091,0.005205,0.005526,0.000714,0.069100
0.000681,0.004016,0.005058,0.005631,0.000610,0.069200
0.000887,0.003939,0.004910,0.005728,0.000512,0.069300
0.001094,0.003861,0.004761,0.005817,0.000423,0.069400
0.001303,0.003781,0.004612,0.005899,0.000341,0.069500
0.001513,0.003700,0.004463,0.005972,0.000268,0.069600
0.001725,0.003617,0.004313,0.006037,0.000203,0.069700
0.001938,0.003534,0.004163,0.006093,0.000147,0.069800
0.002152,0.003450,0.004012,0.006140,0.000100,0.069900
0.002367,0.003365,0.003861,0.006178,0.000062,0.070000
0.002582,0.003280,0.003709,0.006207,0.000034,0.070100
0.002798,0.003194,0.003558,0.006226,0.000014,0.070200
0.003014,0.003109,0.003406,0.006235,0.000005,0.070300
0.003230,0.003024,0.003254,0.006235,0.000005,0.070400
0.003446,0.002939,0.003101,0.006226,0.000014,0.070500
0.003661,0.002855,0.002949,0.006207,0.000033,0.070600
0.003876,0.002771,0.002797,0.006179,0.000061,0.070700
0.004091,0.002688,0.002644,0.006142,0.000098,0.070800
0.004304,0.002607,0.002492,0.006095,0.000145,0.070900
0.004517,0.002526,0.002340,0.006040,0.000200,0.071000
0.004728,0.002448,0.002188,0.005977,0.000263,0.071100
0.004938,0.002370,0.002036,0.005905,0.000335,0.071200
0.005147,0.002295,0.001884,0.005826,0.000415,0.071300
0.005354,0.002221,0.001732,0.005738,0.000502,0.071400
0.005559,0.002150,0.001581,0.005644,0.000596,0.071500
0.005761,0.002081,0.001430,0.005543,0.000698,0.071600
0.005962,0.002014,0.001280,0.005435,0.000805,0.071700
0.006160,0.001950,0.001130,0.005322,0.000919,0.071800
0.006356,0.001889,0.000980,0.005203,0.001038,0.071900
0.006549,0.001830,0.000831,0.005079,0.001162,0.072000
0.006739,0.001774,0.000683,0.004950,0.001290,0.072100
0.006926,0.001722,0.000535,0.004818,0.001423,0.072200
0.007110,0.001673,0.000388,0.004682,0.001559,0.072300
0.007291,0.001627,0.000241,0.004543,0.001698,0.072400
0.007468,0.001584,0.000096,0.004401,0.001839,0.072500
0.007642,0.001546,-0.000049,0.004258,0.001983,0.072600
0.007812,0.001510,-0.000192,0.004113,0.002128,0.072700
0.007978,0.001479,-0.000335,0.003967,0.002274,0.072800
0.008141,0.001451,-0.000476,0.003821,0.002420,0.072900
0.008299,0.001427,-0.000617,0.003674,0.002567,0.073000
0.008453,0.001406,-0.000756,0.003528,0.002713,0.073100
0.008603,0.001390,-0.000893,0.003383,0.002858,0.073200
0.008749,0.001378,-0.001030,0.003238,0.003002,0.073300
0.008890,0.001370,-0.001165,0.003096,0.003145,0.073400
0.009027,0.001365,-0.001298,0.002956,0.003285,0.073500
0.009159,0.001365,-0.001430,0.002818,0.003423,0.073600
0.009286,0.001369,-0.001560,0.002682,0.003558,0.073700
0.009409,0.001376,-0.001689,0.002550,0.003691,0.073800
0.009527,0.001388,-0.001815,0.002421,0.003819,0.073900
0.009640,0.001404,-0.001940,0.002296,0.003945,0.074000
0.009747,0.001423,-0.002062,0.002175,0.004066,0.074100
0.009850,0.001447,-0.002183,0.002057,0.004184,0.074200
0.009948,0.001474,-0.002301,0.001944,0.004297,0.074300
0.010041,0.001505,-0.002417,0.001835,0.004406,0.074400
0.010128,0.001540,-0.002531,0.001730,0.004510,0.074500
0.010211,0.001578,-0.002642,0.001631,0.004610,0.074600
0.010288,0.001620,-0.002751,0.001536,0.004705,0.074700
0.010360,0.001665,-0.002857,0.001445,0.004796,0.074800
0.010427,0.001714,-0.002960,0.001360,0.004881,0.074900
0.010488,0.001766,-0.003061,0.001279,0.004962,0.075000
0.010545,0.001821,-0.003158,0.001203,0.005038,0.075100
0.010596,0.001879,-0.003253,0.001132,0.005108,0.075200
0.010641,0.001940,-0.003344,0.001066,0.005175,0.075300
0.010682,0.002004,-0.003433,0.001005,0.005236,0.075400
0.010717,0.002070,-0.003518,0.000949,0.005292,0.075500
0.010747,0.002139,-0.003599,0.000897,0.005344,0.075600
0.010772,0.002210,-0.003678,0.000850,0.005391,0.075700
0.010792,0.002283,-0.003752,0.000807,0.005434,0.075800
0.010806,0.002358,-0.003823,0.000769,0.005472,0.075900
0.010816,0.002435,-0.003891,0.000736,0.005505,0.076000
0.010820,0.002514,-0.003954,0.000707,0.005534,0.076100
0.010820,0.002594,-0.004014,0.000682,0.005559,0.076200
0.010814,0.002676,-0.004070,0.000662,0.005579,0.076300
0.010804,0.002758,-0.004121,0.000646,0.005595,0.076400
0.010789,0.002842,-0.004169,0.000634,0.005607,0.076500
0.010769,0.002926,-0.004212,0.000626,0.005615,0.076600
0.010744,0.003011,-0.004251,0.000622,0.005619,0.076700
0.010715,0.003096,-0.004285,0.000622,0.005618,0.076800
0.010681,0.003181,-0.004315,0.000627,0.005614,0.076900
0.010642,0.003267,-0.004341,0.000635,0.005606,0.077000
0.010599,0.003352,-0.004362,0.000647,0.005594,0.077100
0.010552,0.003437,-0.004378,0.000664,0.005577,0.077200
0.010500,0.003521,-0.004390,0.000684,0.005557,0.077300
0.010445,0.003604,-0.004397,0.000708,0.005533,0.077400
0.010385,0.003687,-0.004399,0.000737,0.005504,0.077500
0.010321,0.003768,-0.004396,0.000769,0.005472,0.077600
0.010253,0.003848,-0.004388,0.000805,0.005435,0.077700
0.010181,0.003927,-0.004376,0.000846,0.005395,0.077800
0.010106,0.004004,-0.004358,0.000891,0.005350,0.077900
0.010026,0.004079,-0.004335,0.000940,0.005301,0.078000
0.009944,0.004153,-0.004308,0.000993,0.005248,0.078100
0.009857,0.004224,-0.004275,0.001050,0.005191,0.078200
0.009768,0.004293,-0.004237,0.001112,0.005129,0.078300
0.009675,0.004359,-0.004194,0.001178,0.005063,0.078400
0.009579,0.004423,-0.004145,0.001248,0.004993,0.078500
0.009479,0.004484,-0.004092,0.001323,0.004918,0.078600
0.009377,0.004542,-0.004033,0.001402,0.004839,0.078700
0.009272,0.004597,-0.003969,0.001486,0.004755,0.078800
0.009164,0.004649,-0.003901,0.001573,0.004667,0.078900
0.009053,0.004698,-0.003826,0.001666,0.004575,0.079000
0.008940,0.004743,-0.003747,0.001762,0.004479,0.079100
0.008824,0.004785,-0.003663,0.001863,0.004378,0.079200
0.008706,0.004824,-0.003573,0.001968,0.004273,0.079300
0.008585,0.004859,-0.003479,0.002077,0.004164,0.079400
0.008462,0.004890,-0.003380,0.002189,0.004052,0.079500
0.008337,0.004917,-0.003275,0.002306,0.003935,0.079600
0.008210,0.004941,-0.003166,0.002426,0.003815,0.079700
0.008081,0.004960,-0.003051,0.002550,0.003691,0.079800
0.007950,0.004976,-0.002932,0.002676,0.003564,0.079900
0.007817,0.004988,-0.002808,0.002806,0.003435,0.080000
0.007683,0.004996,-0.002680,0.002939,0.003302,0.080100
0.007547,0.005000,-0.002547,0.003074,0.003167,0.080200
0.007409,0.004999,-0.002409,0.003211,0.003030,0.080300
0.007270,0.004995,-0.002267,0.003349,0.002891,0.080400
0.007130,0.004987,-0.002120,0.003489,0.002751,0.080500
0.006988,0.004975,-0.001969,0.003631,0.002610,0.080600
0.006845,0.004959,-0.001814,0.003773,0.002468,0.080700
0.006701,0.004939,-0.001655,0.003915,0.002326,0.080800
0.006556,0.004915,-0.001492,0.004057,0.002184,0.080900
0.006410,0.004887,-0.001325,0.004198,0.002042,0.081000
0.006263,0.004855,-0.001154,0.004338,0.001902,0.081100
0.006115,0.004820,-0.000980,0.004477,0.001763,0.081200
0.005967,0.004781,-0.000802,0.004614,0.001627,0.081300
0.005817,0.004739,-0.000621,0.004748,0.001492,0.081400
0.005667,0.004693,-0.000437,0.004879,0.001361,0.081500
0.005517,0.004644,-0.000249,0.005007,0.001233,0.081600
0.005365,0.004592,-0.000059,0.005131,0.001110,0.081700
0.005214,0.004536,0.000134,0.005250,0.000990,0.081800
0.005062,0.004478,0.000330,0.005364,0.000876,0.081900
0.004910,0.004416,0.000529,0.005474,0.000767,0.082000
0.004757,0.004352,0.000729,0.005577,0.000663,0.082100
0.004604,0.004286,0.000932,0.005674,0.000566,0.082200
0.004451,0.004217,0.001137,0.005764,0.000476,0.082300
0.004298,0.004145,0.001344,0.005847,0.000393,0.082400
0.004144,0.004072,0.001552,0.005923,0.000317,0.082500
0.003991,0.003996,0.001762,0.005991,0.000249,0.082600
0.003838,0.003919,0.001974,0.006051,0.000189,0.082700
0.003684,0.003840,0.002186,0.006102,0.000138,0.082800
0.003531,0.003760,0.002400,0.006145,0.000095,0.082900
0.003378,0.003678,0.002614,0.006179,0.000061,0.083000
0.003225,0.003596,0.002829,0.006204,0.000036,0.083100
0.003073,0.003512,0.003044,0.006219,0.000021,0.083200
0.002920,0.003428,0.003260,0.006226,0.000014,0.083300
0.002768,0.003343,0.003476,0.006223,0.000017,0.083400
0.002616,0.003258,0.003692,0.006210,0.000030,0.083500
0.002465,0.003172,0.003907,0.006188,0.000052,0.083600
0.002314,0.003087,0.004122,0.006157,0.000083,0.083700
0.002164,0.003002,0.004336,0.006116,0.000124,0.083800
0.002014,0.002917,0.004550,0.006066,0.000174,0.083900
0.001864,0.002833,0.004763,0.006007,0.000233,0.084000
0.001715,0.002750,0.004974,0.005940,0.000300,0.084100
0.001567,0.002667,0.005184,0.005863,0.000377,0.084200
0.001420,0.002586,0.005393,0.005779,0.000461,0.084300
0.001273,0.002506,0.005600,0.005686,0.000554,0.084400
0.001127,0.002427,0.005805,0.005586,0.000654,0.084500
0.000981,0.002351,0.006008,0.005479,0.000761,0.084600
0.000837,0.002276,0.006208,0.005365,0.000876,0.084700
0.000693,0.002203,0.006407,0.005244,0.000996,0.084800
0.000550,0.002132,0.006603,0.005117,0.001123,0.084900
0.000409,0.002063,0.006796,0.004985,0.001255,0.085000
0.000268,0.001997,0.006986,0.004848,0.001392,0.085100
0.000128,0.001934,0.007174,0.004707,0.001534,0.085200
-0.000010,0.001873,0.007358,0.004561,0.001679,0.085300
-0.000148,0.001815,0.007539,0.004412,0.001828,0.085400
-0.000284,0.001761,0.007716,0.004261,0.001980,0.085500
-0.000419,0.001709,0.007890,0.004107,0.002134,0.085600
-0.000553,0.001661,0.008060,0.003951,0.002290,0.085700
-0.000686,0.001616,0.008226,0.003794,0.002447,0.085800
-0.000817,0.001574,0.008389,0.003636,0.002604,0.085900
-0.000946,0.001536,0.008547,0.003479,0.002762,0.086000
-0.001075,0.001502,0.008701,0.003321,0.002919,0.086100
-0.001201,0.001471,0.008851,0.003165,0.003076,0.086200
-0.001326,0.001444,0.008996,0.003010,0.003231,0.086300
-0.001450,0.001421,0.009136,0.002857,0.003384,0.086400
-0.001571,0.001402,0.009272,0.002707,0.003534,0.086500
-0.001691,0.001387,0.009404,0.002559,0.003682,0.086600
-0.001809,0.001375,0.009530,0.002414,0.003827,0.086700
-0.001925,0.001368,0.009652,0.002273,0.003967,0.086800
-0.002039,0.001365,0.009768,0.002137,0.004104,0.086900
-0.002151,0.001366,0.009880,0.002004,0.004237,0.087000
-0.002261,0.001370,0.009986,0.001876,0.004365,0.087100
-0.002369,0.001379,0.010087,0.001754,0.004487,0.087200
-0.002474,0.001392,0.010183,0.001636,0.004605,0.087300
-0.002577,0.001408,0.010273,0.001524,0.004717,0.087400
-0.002678,0.001429,0.010359,0.001417,0.004824,0.087500
-0.002776,0.001453,0.010439,0.001317,0.004924,0.087600
-0.002872,0.001482,0.010513,0.001222,0.005019,0.087700
-0.002965,0.001514,0.010582,0.001133,0.005108,0.087800
-0.003055,0.001549,0.010646,0.001051,0.005190,0.087900
-0.003143,0.001589,0.010704,0.000975,0.005266,0.088000
-0.003228,0.001631,0.010756,0.000905,0.005336,0.088100
-0.003309,0.001678,0.010804,0.000841,0.005400,0.088200
-0.003388,0.001727,0.010845,0.000783,0.005458,0.088300
-0.003464,0.001780,0.010881,0.000732,0.005509,0.088400
-0.003537,0.001836,0.010912,0.000687,0.005554,0.088500
-0.003606,0.001895,0.010937,0.000648,0.005593,0.088600
-0.003672,0.001956,0.010957,0.000615,0.005626,0.088700
-0.003735,0.002021,0.010971,0.000587,0.005654,0.088800
-0.003794,0.002088,0.010980,0.000566,0.005675,0.088900
-0.003850,0.002157,0.010984,0.000550,0.005691,0.089000
-0.003902,0.002229,0.010982,0.000539,0.005702,0.089100
-0.003950,0.002302,0.010975,0.000534,0.005707,0.089200
-0.003994,0.002378,0.010963,0.000534,0.005707,0.089300
-0.004035,0.002456,0.010945,0.000539,0.005702,0.089400
-0.004072,0.002535,0.010923,0.000549,0.005692,0.089500
-0.004105,0.002615,0.010895,0.000563,0.005678,0.089600
-0.004134,0.002697,0.010863,0.000582,0.005659,0.089700
-0.004158,0.002780,0.010825,0.000606,0.005635,0.089800
-0.004179,0.002863,0.010783,0.000633,0.005608,0.089900
-0.004195,0.002948,0.010736,0.000665,0.005576,0.090000
-0.004207,0.003033,0.010684,0.000701,0.005540,0.090100
-0.004215,0.003118,0.010628,0.000741,0.005500,0.090200
-0.004218,0.003203,0.010567,0.000784,0.005457,0.090300
-0.004216,0.003289,0.010501,0.000831,0.005410,0.090400
-0.004211,0.003374,0.010432,0.000882,0.005359,0.090500
-0.004200,0.003458,0.010358,0.000936,0.005305,0.090600
-0.004185,0.003542,0.010279,0.000993,0.005248,0.090700
-0.004166,0.003626,0.010197,0.001054,0.005187,0.090800
-0.004141,0.003708,0.010111,0.001117,0.005123,0.090900
-0.004112,0.003789,0.010021,0.001184,0.005056,0.091000
-0.004078,0.003869,0.009928,0.001254,0.004986,0.091100
-0.004040,0.003947,0.009830,0.001328,0.004913,0.091200
-0.003996,0.004024,0.009729,0.001404,0.004837,0.091300
-0.003948,0.004099,0.009625,0.001483,0.004758,0.091400
-0.003895,0.004171,0.009517,0.001565,0.004676,0.091500
-0.003837,0.004242,0.009406,0.001650,0.004591,0.091600
-0.003774,0.004310,0.009292,0.001738,0.004503,0.091700
-0.003707,0.004376,0.009175,0.001829,0.004412,0.091800
-0.003634,0.004439,0.009055,0.001923,0.004318,0.091900
-0.003557,0.004499,0.008933,0.002019,0.004222,0.092000
-0.003474,0.004556,0.008807,0.002118,0.004122,0.092100
-0.003387,0.004611,0.008679,0.002220,0.004020,0.092200
-0.003295,0.004662,0.008549,0.002325,0.003916,0.092300
-0.003199,0.004710,0.008416,0.002432,0.003809,0.092400
-0.003097,0.004755,0.008281,0.002542,0.003699,0.092500
-0.002991,0.004796,0.008144,0.002654,0.003587,0.092600
-0.002880,0.004833,0.008005,0.002768,0.003473,0.092700
-0.002765,0.004867,0.007864,0.002884,0.003357,0.092800
-0.002644,0.004897,0.007721,0.003003,0.003238,0.092900
-0.002520,0.004924,0.007577,0.003123,0.003118,0.093000
-0.002391,0.004946,0.007431,0.003245,0.002996,0.093100
-0.002257,0.004965,0.007283,0.003368,0.002872,0.093200
-0.002119,0.004980,0.007134,0.003493,0.002748,0.093300
-0.001977,0.004990,0.006984,0.003619,0.002622,0.093400
-0.001830,0.004997,0.006833,0.003745,0.002496,0.093500
-0.001680,0.005000,0.006680,0.003872,0.002369,0.093600
-0.001525,0.004999,0.006526,0.003999,0.002242,0.093700
-0.001367,0.004993,0.006372,0.004126,0.002115,0.093800
-0.001205,0.004984,0.006216,0.004252,0.001988,0.093900
-0.001039,0.004971,0.006060,0.004378,0.001862,0.094000
-0.000869,0.004954,0.005904,0.004503,0.001738,0.094100
-0.000696,0.004933,0.005746,0.004626,0.001615,0.094200
-0.000519,0.004908,0.005589,0.004747,0.001494,0.094300
-0.000339,0.004879,0.005430,0.004866,0.001375,0.094400
-0.000157,0.004847,0.005272,0.004982,0.001259,0.094500
0.000029,0.004810,0.005113,0.005095,0.001146,0.094600
0.000218,0.004771,0.004954,0.005204,0.001036,0.094700
0.000410,0.004727,0.004795,0.005309,0.000931,0.094800
0.000604,0.004681,0.004636,0.005410,0.000830,0.094900
0.000801,0.004631,0.004477,0.005507,0.000734,0.095000
0.001000,0.004577,0.004318,0.005598,0.000643,0.095100
0.001201,0.004521,0.004159,0.005683,0.000557,0.095200
0.001404,0.004462,0.004000,0.005763,0.000478,0.095300
0.001609,0.004400,0.003842,0.005836,0.000405,0.095400
0.001815,0.004335,0.003684,0.005902,0.000338,0.095500
0.002024,0.004268,0.003526,0.005961,0.000279,0.095600
0.002233,0.004198,0.003369,0.006013,0.000227,0.095700
0.002444,0.004126,0.003212,0.006057,0.000183,0.095800
0.002655,0.004052,0.003056,0.006093,0.000147,0.095900
0.002868,0.003976,0.002900,0.006121,0.000119,0.096000
0.003081,0.003899,0.002746,0.006140,0.000100,0.096100
0.003295,0.003820,0.002591,0.006151,0.000089,0.096200
0.003509,0.003739,0.002438,0.006153,0.000087,0.096300
0.003723,0.003657,0.002285,0.006146,0.000094,0.096400
0.003937,0.003574,0.002133,0.006130,0.000110,0.096500
0.004151,0.003490,0.001982,0.006105,0.000135,0.096600
0.004364,0.003406,0.001832,0.006071,0.000170,0.096700
0.004577,0.003321,0.001683,0.006027,0.000213,0.096800
0.004790,0.003236,0.001535,0.005975,0.000265,0.096900
0.005001,0.003150,0.001388,0.005914,0.000326,0.097000
0.005211,0.003065,0.001242,0.005844,0.000396,0.097100
0.005420,0.002980,0.001097,0.005766,0.000474,0.097200
0.005627,0.002895,0.000953,0.005679,0.000561,0.097300
0.005833,0.002811,0.000810,0.005584,0.000656,0.097400
0.006037,0.002728,0.000669,0.005482,0.000758,0.097500
0.006238,0.002646,0.000529,0.005372,0.000868,0.097600
0.006438,0.002565,0.000390,0.005255,0.000985,0.097700
0.006636,0.002485,0.000252,0.005131,0.001109,0.097800
0.006830,0.002407,0.000116,0.005001,0.001239,0.097900
0.007023,0.002331,-0.000019,0.004865,0.001375,0.098000
0.007212,0.002256,-0.000152,0.004724,0.001516,0.098100
0.007398,0.002184,-0.000285,0.004578,0.001662,0.098200
0.007582,0.002114,-0.000415,0.004428,0.001812,0.098300
0.007762,0.002046,-0.000544,0.004274,0.001966,0.098400
0.007938,0.001981,-0.000672,0.004117,0.002123,0.098500
0.008111,0.001918,-0.000797,0.003957,0.002283,0.098600
0.008280,0.001858,-0.000922,0.003795,0.002445,0.098700
0.008446,0.001801,-0.001044,0.003632,0.002609,0.098800
0.008607,0.001747,-0.001165,0.003467,0.002773,0.098900
0.008764,0.001696,-0.001284,0.003303,0.002938,0.099000
0.008917,0.001649,-0.001401,0.003138,0.003102,0.099100
0.009066,0.001604,-0.001517,0.002974,0.003266,0.099200
0.009210,0.001564,-0.001630,0.002812,0.003429,0.099300
0.009350,0.001527,-0.001742,0.002652,0.003589,0.099400
0.009484,0.001493,-0.001852,0.002494,0.003747,0.099500
0.009614,0.001464,-0.001959,0.002339,0.003902,0.099600
0.009739,0.001438,-0.002065,0.002187,0.004054,0.099700
0.009859,0.001416,-0.002169,0.002040,0.004201,0.099800
0.009974,0.001398,-0.002270,0.001896,0.004344,0.099900
